<beans xmlns="http://www.springframework.org/schema/beans"
  xmlns:mvc="http://www.springframework.org/schema/mvc" xmlns:context="http://www.springframework.org/schema/context"
  xmlns:xsi="http://www.w3.org/2001/XMLSchema-instance" xmlns:aop="http://www.springframework.org/schema/aop"
  xsi:schemaLocation="
      http://www.springframework.org/schema/beans
      http://www.springframework.org/schema/beans/spring-beans-3.0.xsd
      http://www.springframework.org/schema/context
      http://www.springframework.org/schema/context/spring-context-3.0.xsd
      http://www.springframework.org/schema/mvc
      http://www.springframework.org/schema/mvc/spring-mvc.xsd
      http://www.springframework.org/schema/aop
      http://www.springframework.org/schema/aop/spring-aop-3.0.xsd">

  <mvc:annotation-driven />
  <mvc:resources mapping="/images/**" location="/WEB-INF/images/" />
  <mvc:resources mapping="/css/**" location="/WEB-INF/css/" />
  <mvc:resources mapping="/js/**" location="/WEB-INF/js/" />

  <context:component-scan base-package="de.travelit.profileadmin.controller" />
  <context:component-scan base-package="de.travelit.profileadmin.service" />
  <context:component-scan base-package="de.travelit.profileadmin.webservice" />
  <context:component-scan base-package="de.travelit.profileadmin.model" />
  <context:component-scan base-package="de.travelit.profileadmin.exception" />

  <!-- Enable AspectJ style of Spring AOP -->
  <aop:aspectj-autoproxy expose-proxy="true" />

  <bean class="org.springframework.web.servlet.view.InternalResourceViewResolver">
    <property name="viewClass" value="org.springframework.web.servlet.view.JstlView" />
    <property name="prefix" value="/WEB-INF/views/" />
    <property name="suffix" value=".jsp" />
  </bean>

  <mvc:interceptors>
    <mvc:interceptor>
      <mvc:mapping path="/**" />
      <mvc:exclude-mapping path="/sessiontimeout" />
      <mvc:exclude-mapping path="/logincheck" />
      <mvc:exclude-mapping path="/logout" />
      <mvc:exclude-mapping path="/hic/**" />
      <mvc:exclude-mapping path="/cfgs" />
      <mvc:exclude-mapping path="/hubva" />
      <mvc:exclude-mapping path="/formdata/**" />
      <mvc:exclude-mapping path="/images/**" />
      <mvc:exclude-mapping path="/css/**" />
      <mvc:exclude-mapping path="/js/**" />

      <!-- intercepted by ReadPermissionInterceptor -->
      <mvc:exclude-mapping path="/va_get_from_menu" />
      <mvc:exclude-mapping path="/valist_get_from_menu" />
      <mvc:exclude-mapping path="/begin_log_page" />

      <!-- intercepted by CreatePermissionInterceptor -->
      <mvc:exclude-mapping path="/begin_va_anlegen" />
      <mvc:exclude-mapping path="/begin_valist_anlegen" />
      <mvc:exclude-mapping path="/begin_cfg_anlegen" />
      <mvc:exclude-mapping path="/begin_cfg_copy" />
      <bean class="de.travelit.profileadmin.interceptor.AuthenticityInterceptor" />
    </mvc:interceptor>

    <mvc:interceptor>
      <mvc:mapping path="/begin_va_anlegen" />
      <mvc:mapping path="/begin_valist_anlegen" />
      <mvc:mapping path="/begin_cfg_anlegen" />
      <mvc:mapping path="/begin_cfg_copy" />
      <bean class="de.travelit.profileadmin.interceptor.CreatePermissionInterceptor" />
    </mvc:interceptor>

    <mvc:interceptor>
      <mvc:mapping path="/va_get_from_menu" />
      <mvc:mapping path="/valist_get_from_menu" />
      <mvc:mapping path="/begin_log_page" />
      <bean class="de.travelit.profileadmin.interceptor.ReadPermissionInterceptor" />
    </mvc:interceptor>

    <mvc:interceptor>
      <mvc:mapping path="/**" />
      <ref bean="localeChangeInterceptor" />
    </mvc:interceptor>
  </mvc:interceptors>

</beans>