<?xml version="1.0" encoding="UTF-8"?>
<handler-chains xmlns="http://java.sun.com/xml/ns/javaee">
   <handler-chain>
    <handler>
        <handler-name>AddCustomizedPartHandler</handler-name>
        <handler-class>de.travelit.profileadmin.webservice.AddCustomizedPartHandler</handler-class>
    </handler>
    <handler>
        <handler-name>LogHandler</handler-name>
        <handler-class>de.travelit.profileadmin.webservice.LogHandler</handler-class>
    </handler>
   </handler-chain>
</handler-chains>